,id,title,requirement_id,preconditions,steps,expected_result,priority,test_type
0,TC-001,Successful password reset via valid email,REQ-1,User has a registered account with a verified email address. User is on the login page.,"Navigate to the TaskFlow login page,Click on 'Forgot Password' link,Enter a valid registered email address in the input field,Click the 'Send Reset Link' button,Open the email inbox and locate the password reset email,Click the reset link in the email,Enter a new valid password and confirm it,Click 'Reset Password' button",Password is successfully reset. User receives a confirmation message and is able to log in with the new password.,High,functional
1,TC-002,Password reset attempt with unregistered email,REQ-1,User is on the 'Forgot Password' page. The email address to be used does not exist in the system.,"Navigate to the TaskFlow login page,Click on 'Forgot Password' link,Enter an email address that is NOT registered in the system,Click the 'Send Reset Link' button","System displays a generic message such as 'If this email is registered, you will receive a reset link.' No reset email is sent. No account or user data is exposed.",High,negative
2,TC-003,Password reset with malformed or empty email input,REQ-1,User is on the 'Forgot Password' page.,"Navigate to the TaskFlow 'Forgot Password' page,Leave the email field empty and click 'Send Reset Link',Re-attempt by entering a malformed email (e.g., 'user@', 'notanemail', '@domain.com'),Click 'Send Reset Link' for each malformed input","System displays an appropriate validation error message (e.g., 'Please enter a valid email address') and does not submit the form or send any email.",High,negative
3,TC-004,Password reset link expiry boundary check,REQ-1,"User has requested a password reset and received a reset link via email. The system has a defined expiry time for reset links (e.g., 60 minutes).","Request a password reset for a valid registered email,Wait until the reset link is just about to expire (e.g., at 59 minutes 50 seconds),Click the reset link and attempt to reset the password,Complete the password reset flow,Request another reset link and wait until it has fully expired (e.g., 61 minutes),Click the expired reset link and attempt to reset the password",A link used just before expiry (within valid window) allows password reset successfully. A link used after expiry displays an error message such as 'This reset link has expired. Please request a new one.' and does not allow password reset.,Medium,boundary
4,TC-005,Password reset link cannot be reused after successful use,REQ-1,User has received a valid password reset link via email and has already used it to successfully reset their password.,"Request a password reset for a valid registered email,Click the reset link from the email,Enter and confirm a new valid password,Click 'Reset Password' and confirm the reset is successful,Copy and re-open the same reset link URL in the browser,Attempt to reset the password again using the same link",The system rejects the reused link and displays an error such as 'This reset link has already been used or is invalid.' User cannot reset the password again using the old link.,High,security
5,TC-REQ2-001,Successful password reset via valid registered email,REQ-2,User has a registered account with a valid email address. The email service is operational. User is on the login page.,"Navigate to the login page,Click on 'Forgot Password' link,Enter a valid registered email address in the password reset form,Click the 'Send Reset Link' button,Open the email inbox and locate the password reset email,Click the password reset link in the email,Enter a new valid password and confirm it,Click 'Reset Password' button,Attempt to log in with the new password","User receives a password reset email within a reasonable time (e.g., 2 minutes), is able to set a new password, and can successfully log in with the updated credentials. The old password no longer works.",High,functional
6,TC-REQ2-002,Password reset attempt with unregistered email address,REQ-2,User is on the 'Forgot Password' page. The email address to be used is not registered in the system.,"Navigate to the 'Forgot Password' page,Enter an email address that is not associated with any account (e.g., notregistered@example.com),Click the 'Send Reset Link' button,Check the inbox of the unregistered email for any received messages","The system displays a generic confirmation message (e.g., 'If this email is registered, you will receive a reset link') to prevent user enumeration. No password reset email is sent to the unregistered address.",High,negative
7,TC-REQ2-003,Password reset link expiry boundary - link used after expiration,REQ-2,"User has requested a password reset and received the reset link via email. The system enforces a reset link expiration time (e.g., 1 hour).","Request a password reset for a valid registered email,Wait until the reset link has expired (e.g., after 1 hour or as per system configuration),Click the expired password reset link from the email,Attempt to enter and submit a new password using the expired link",The system displays an error message indicating the reset link has expired or is no longer valid. The user is prompted to request a new password reset link. The password is not changed.,High,boundary
8,TC-REQ2-004,Password reset form submitted with empty email field,REQ-2,User is on the 'Forgot Password' page.,"Navigate to the 'Forgot Password' page,Leave the email input field blank,Click the 'Send Reset Link' button","The system displays a validation error message indicating the email field is required (e.g., 'Email address is required'). No request is sent to the server and no reset email is dispatched.",Medium,negative
9,TC-REQ2-005,Password reset link can only be used once (single-use token),REQ-2,"User has received a valid, unexpired password reset link via email and has already used it to successfully reset the password.","Request a password reset for a valid registered email,Click the reset link and successfully set a new password,Copy and re-use the same reset link URL in a new browser session,Attempt to set another new password using the already-used link","The system rejects the reused reset link and displays an error message (e.g., 'This reset link has already been used or is invalid'). The password is not changed again, protecting the account from replay attacks.",High,security
10,TC-REQ3-001,Successful password reset via valid email,REQ-3,User has a registered account with a valid email address. User is on the login page.,"Navigate to the login page,Click on 'Forgot Password' link,Enter a valid registered email address,Click 'Send Reset Link' button,Open the email inbox and locate the password reset email,Click the password reset link in the email,Enter a new valid password and confirm it,Click 'Reset Password' button",Password is successfully reset. User receives a confirmation message and is able to log in with the new password.,High,functional
11,TC-REQ3-002,Password reset attempt with unregistered email,REQ-3,User is on the 'Forgot Password' page.,"Navigate to the 'Forgot Password' page,Enter an email address that is not registered in the system,Click 'Send Reset Link' button",System displays an appropriate error message such as 'Email address not found' and does not send a reset email.,High,negative
12,TC-REQ3-003,Password reset with an invalid email format,REQ-3,User is on the 'Forgot Password' page.,"Navigate to the 'Forgot Password' page,Enter a malformed email address (e.g., 'user@' or 'notanemail'),Click 'Send Reset Link' button",System displays a validation error indicating the email format is invalid and does not proceed with sending a reset link.,High,negative
13,TC-REQ3-004,Password reset link expiry boundary check,REQ-3,"User has received a valid password reset email. The reset link has a defined expiry time (e.g., 60 minutes).","Navigate to the 'Forgot Password' page,Enter a valid registered email address and click 'Send Reset Link',Wait until the reset link is exactly at its expiry threshold (e.g., 60 minutes),Click the password reset link from the email,Attempt to enter and submit a new password",System rejects the expired reset link and displays a message such as 'This link has expired. Please request a new password reset.',High,boundary
14,TC-REQ3-005,Password reset link can only be used once,REQ-3,User has successfully reset their password using a reset link received via email.,"Complete a successful password reset using the emailed link,Attempt to click the same password reset link again,Observe the system response",System rejects the reuse of the already-used reset link and displays an appropriate message such as 'This reset link is no longer valid.',Medium,security
15,TC-4-001,Successful password reset via valid email,REQ-4,User has a registered and verified account with a valid email address. User is on the login page.,"Navigate to the login page,Click on 'Forgot Password' link,Enter a valid registered email address,Click 'Send Reset Link' button,Open the email inbox and locate the password reset email,Click on the password reset link in the email,Enter a new valid password and confirm it,Click 'Reset Password' button,Attempt to log in with the new password","User receives a password reset email, is able to set a new password successfully, and can log in with the new credentials. Old password no longer works.",High,functional
16,TC-4-002,Password reset request with unregistered email,REQ-4,User is on the 'Forgot Password' page. The email address to be used does not exist in the system.,"Navigate to the 'Forgot Password' page,Enter an email address that is not registered in the system,Click 'Send Reset Link' button,Check the inbox of the unregistered email address for any reset email","The system displays a generic confirmation message (e.g., 'If this email is registered, a reset link will be sent') to prevent user enumeration. No password reset email is sent to the unregistered address.",High,negative
17,TC-4-003,Password reset link expiry boundary check,REQ-4,"User has requested a password reset and received the reset email. The system has a defined token expiry period (e.g., 60 minutes).","Request a password reset for a registered email,Wait until the reset link is exactly at expiry time (e.g., 60 minutes),Click the password reset link immediately at the boundary,Attempt to click the same link 1 minute after the expiry period,Enter a new password and submit on the expired link","The link is valid exactly at the expiry boundary (60 minutes) and allows password reset. After the expiry period (61 minutes), the link is rejected with an appropriate error message such as 'This link has expired. Please request a new one.'",High,boundary
18,TC-4-004,Password reset link cannot be reused after successful reset,REQ-4,User has successfully reset their password using a valid reset link.,"Complete a successful password reset using the emailed link,Copy and store the used password reset link URL,Attempt to open the used reset link again in the browser,Try to submit a new password using the already-used link",The system rejects the already-used reset link and displays an error message such as 'This reset link has already been used or is invalid.' No password change is made.,High,security
19,TC-4-005,Password reset with invalid email format,REQ-4,User is on the 'Forgot Password' page.,"Navigate to the 'Forgot Password' page,Enter an invalid email format (e.g., 'userexample.com', 'user@', '@example.com', 'plaintext'),Click 'Send Reset Link' button for each invalid format","The system displays an inline validation error message (e.g., 'Please enter a valid email address') for each invalid email format and does not submit the request or send any email.",Medium,negative
20,TC-001,Successful user registration with valid email and password,REQ-001,The user is not already registered in the system. The registration page is accessible.,"Navigate to the registration page,Enter a valid email address (e.g., newuser@example.com),Enter a valid password that meets system requirements (e.g., Password@123),Confirm the password in the confirm password field,Click the 'Register' button","The user is successfully registered, a confirmation message is displayed, and a verification/welcome email is sent to the provided email address.",High,functional
21,TC-002,Registration attempt with an already registered email address,REQ-001,An account with the email address 'existing@example.com' already exists in the system.,"Navigate to the registration page,Enter the already registered email address (e.g., existing@example.com),Enter a valid password (e.g., Password@123),Confirm the password,Click the 'Register' button",The system displays an appropriate error message indicating that the email address is already in use and registration is not completed.,High,negative
22,TC-003,Registration attempt with an invalid email format,REQ-001,The registration page is accessible.,"Navigate to the registration page,Enter an invalid email format (e.g., 'notanemail', 'user@', '@domain.com'),Enter a valid password (e.g., Password@123),Confirm the password,Click the 'Register' button",The system displays a validation error indicating that the email address format is invalid and does not proceed with registration.,High,negative
23,TC-004,Registration with a password at the minimum allowed length boundary,REQ-001,"The registration page is accessible and the system requires a minimum password length (e.g., 8 characters).","Navigate to the registration page,Enter a valid new email address (e.g., boundaryuser@example.com),Enter a password exactly at the minimum allowed length (e.g., 8 characters: 'Pass@123'),Confirm the password,Click the 'Register' button","The user is successfully registered with the minimum-length password, and a confirmation message or email is sent.",Medium,boundary
24,TC-005,Registration attempt with an empty email and/or password field,REQ-001,The registration page is accessible.,"Navigate to the registration page,Leave the email address field empty,Leave the password field empty,Click the 'Register' button","The system displays validation error messages for both the email and password fields indicating they are required, and registration is not completed.",High,negative
25,TC-001,Valid password meeting all requirements,REQ-002,User is on the password creation or reset page,"Navigate to the password creation or reset form,Enter a password that is at least 8 characters long, contains at least one number and one special character (e.g., 'Secure1!'),Submit the form",Password is accepted and the user account is created or updated successfully,High,functional
26,TC-002,Password shorter than 8 characters is rejected,REQ-002,User is on the password creation or reset page,"Navigate to the password creation or reset form,Enter a password that is fewer than 8 characters (e.g., 'Ab1!'),Submit the form",System displays an error message indicating the password must be at least 8 characters long and does not save the password,High,negative
27,TC-003,Password missing a number is rejected,REQ-002,User is on the password creation or reset page,"Navigate to the password creation or reset form,Enter a password that is at least 8 characters and contains a special character but no number (e.g., 'Password!'),Submit the form",System displays an error message indicating the password must contain at least one number and does not save the password,High,negative
28,TC-004,Password missing a special character is rejected,REQ-002,User is on the password creation or reset page,"Navigate to the password creation or reset form,Enter a password that is at least 8 characters and contains a number but no special character (e.g., 'Password1'),Submit the form",System displays an error message indicating the password must contain at least one special character and does not save the password,High,negative
29,TC-005,Password of exactly 8 characters with required complexity is accepted,REQ-002,User is on the password creation or reset page,"Navigate to the password creation or reset form,Enter a password that is exactly 8 characters long and contains at least one number and one special character (e.g., 'Pass1!ab'),Submit the form","Password is accepted as valid and the account is created or updated successfully, confirming the boundary value of 8 characters is inclusive",High,boundary
30,TC-001,Verify that a verification email with a unique link is sent upon password reset request,REQ-003,User has a registered account with a valid email address. User has initiated a password reset request.,"Navigate to the password reset page,Enter a valid registered email address,Click the 'Send Reset Email' button,Open the email inbox for the registered email address,Check for the received verification email",A verification email is received containing a unique reset link. The link is functional and redirects the user to the password reset page.,High,functional
31,TC-002,Verify that the verification link expires after 24 hours,REQ-003,User has a registered account with a valid email address. A password reset email has been sent and the verification link has been received. System clock or test environment supports time simulation.,"Trigger a password reset request for a registered user,Receive the verification email and copy the unique link,Advance the system time or wait until 24 hours and 1 minute have elapsed since the email was issued,Open the copied verification link in a browser,Observe the system response",The system displays an error message indicating the link has expired and does not allow the user to reset their password using this link.,High,boundary
32,TC-003,Verify that the verification link is still valid just before the 24-hour expiry,REQ-003,User has a registered account with a valid email address. A password reset email has been sent. System clock or test environment supports time simulation.,"Trigger a password reset request for a registered user,Receive the verification email and copy the unique link,Advance the system time to 23 hours and 59 minutes after the email was issued,Open the copied verification link in a browser,Attempt to reset the password using the link",The verification link is still valid and the user is able to successfully access the password reset page and change their password.,High,boundary
33,TC-004,Verify that each password reset request generates a unique verification link,REQ-003,User has a registered account with a valid email address.,"Navigate to the password reset page,Enter a valid registered email address and submit the reset request,Record the unique link received in the first verification email,Submit a second password reset request for the same email address,Record the unique link received in the second verification email,Compare the two links",Both verification links are different (unique). The first link is invalidated upon issuance of the second link or independently unique per request.,High,functional
34,TC-005,Verify that an already-used verification link cannot be reused,REQ-003,User has a registered account with a valid email address. A password reset email has been sent and the link has not yet expired.,"Trigger a password reset request and receive the verification email,Open the verification link and successfully reset the password,Attempt to open the same verification link again in a browser","The system displays an error message indicating the link is invalid or has already been used, and does not allow another password reset via this link.",High,negative
35,TC-001,Successful login with valid email and password,REQ-004,User is registered in the system with a verified email address and a known password. The user is on the login page.,"Navigate to the login page,Enter a valid registered email address in the email field,Enter the correct password in the password field,Click the 'Login' button",User is successfully authenticated and redirected to the application dashboard or home page.,High,functional
36,TC-002,Login attempt with invalid password,REQ-004,User is registered in the system. The user is on the login page.,"Navigate to the login page,Enter a valid registered email address in the email field,Enter an incorrect password in the password field,Click the 'Login' button","Login is denied. An appropriate error message is displayed (e.g., 'Invalid email or password'). The user remains on the login page.",High,negative
37,TC-003,Login attempt with unregistered email address,REQ-004,The user is on the login page. The email address to be used does not exist in the system.,"Navigate to the login page,Enter an email address that is not registered in the system,Enter any password in the password field,Click the 'Login' button","Login is denied. A generic error message is displayed (e.g., 'Invalid email or password') without revealing whether the email exists. The user remains on the login page.",High,negative
38,TC-004,Login attempt with empty email and password fields,REQ-004,The user is on the login page.,"Navigate to the login page,Leave the email field empty,Leave the password field empty,Click the 'Login' button",Login is not submitted. Validation error messages are displayed for both the email and password fields indicating they are required. The user remains on the login page.,Medium,boundary
39,TC-005,Login attempt using SQL injection in email field,REQ-004,The user is on the login page.,"Navigate to the login page,Enter a SQL injection string in the email field (e.g., ""' OR '1'='1'; --""),Enter any value in the password field,Click the 'Login' button",Login is denied. The system sanitizes the input and does not execute any unintended SQL commands. An appropriate error message is displayed and no unauthorized access is granted.,High,security
40,TC-001,Account locks after exactly 5 consecutive failed login attempts,REQ-005,User account exists and is currently unlocked. User has a valid username.,"Navigate to the login page,Enter valid username and an incorrect password,Click the 'Login' button,Repeat steps 2-3 four more times (total of 5 failed attempts),Observe the system response after the 5th failed attempt,Attempt to log in with the correct password immediately after","After the 5th consecutive failed login attempt, the account is locked. A message is displayed informing the user that the account has been locked for 15 minutes. Login with correct credentials is denied during the lockout period.",High,functional
41,TC-002,Account remains accessible after 4 consecutive failed login attempts,REQ-005,User account exists and is currently unlocked. User has a valid username and password.,"Navigate to the login page,Enter valid username and an incorrect password,Click the 'Login' button,Repeat steps 2-3 three more times (total of 4 failed attempts),Enter the valid username and correct password,Click the 'Login' button","After 4 consecutive failed attempts the account is NOT locked. On the 5th attempt with correct credentials, the user is successfully logged in and the failed attempt counter is reset.",High,boundary
42,TC-003,Account unlocks automatically after 15-minute lockout period,REQ-005,User account has been locked due to 5 consecutive failed login attempts. Lockout start time is recorded.,"Confirm the account is locked by attempting to log in with correct credentials immediately after lockout,Wait exactly 15 minutes from the time the account was locked,Navigate to the login page,Enter the valid username and correct password,Click the 'Login' button","After exactly 15 minutes have elapsed, the account is automatically unlocked. The user can successfully log in with valid credentials. No manual intervention is required.",High,functional
43,TC-004,Login attempt with correct credentials before 15-minute lockout expires is rejected,REQ-005,User account has just been locked due to 5 consecutive failed login attempts.,"Wait 14 minutes and 50 seconds after the account lockout begins,Navigate to the login page,Enter valid username and correct password,Click the 'Login' button,Observe the system response",The login attempt is denied. A message informs the user that the account is still locked and indicates the remaining lockout duration. The account remains locked until the full 15 minutes have passed.,High,boundary
44,TC-005,Failed login attempt counter resets after a successful login,REQ-005,User account exists and is unlocked. User has valid credentials.,"Navigate to the login page,Enter valid username and an incorrect password and click 'Login' — repeat 3 times,Enter the valid username and correct password and click 'Login' to successfully log in,Log out of the account,Enter valid username and an incorrect password and click 'Login' — repeat 3 more times,Verify the account is not locked after this second set of failed attempts,Enter valid username and an incorrect password 2 more times to reach 5 total in the new session,Observe the system response on the 5th failed attempt in the new session",Successful login in step 3 resets the failed attempt counter to zero. A fresh sequence of 5 consecutive failed attempts is required to trigger a new lockout. The account is locked only after 5 consecutive failures in the second sequence.,Medium,functional
45,TC-REQ10-001,Successful password reset via valid registered email,REQ-10,User has a registered and verified email account in the system. User is on the login page.,"Navigate to the login page,Click on 'Forgot Password' link,Enter a valid registered email address,Click 'Send Reset Link' button,Open the registered email inbox,Click the password reset link received in the email,Enter a new valid password,Confirm the new password,Click 'Reset Password' button,Attempt to log in with the new password","User receives a password reset email, successfully resets the password, and can log in with the new password. Old password no longer works.",High,functional
46,TC-REQ10-002,Password reset attempt with unregistered email address,REQ-10,User is on the 'Forgot Password' page. The email address to be used does not exist in the system.,"Navigate to the 'Forgot Password' page,Enter an email address that is not registered in the system,Click 'Send Reset Link' button,Check the entered email inbox for any reset email","System displays a generic message such as 'If this email is registered, you will receive a reset link' without revealing whether the email exists. No reset email is sent to the unregistered address.",High,negative
47,TC-REQ10-003,Password reset link expiry boundary check,REQ-10,"User has requested a password reset and received a reset link via email. The system has a defined token expiry time (e.g., 60 minutes).","Request a password reset for a valid registered email,Wait until the reset link is just at the boundary of expiry (e.g., exactly 60 minutes),Click the password reset link in the email,Attempt to enter and submit a new password","If accessed at exactly the expiry boundary, the system should reject the token and display an 'expired link' or 'invalid token' error message, prompting the user to request a new reset link.",High,boundary
48,TC-REQ10-004,Password reset with invalid email format,REQ-10,User is on the 'Forgot Password' page.,"Navigate to the 'Forgot Password' page,Enter an invalidly formatted email address (e.g., 'user@', 'userexample.com', 'user @example.com'),Click 'Send Reset Link' button",System displays a validation error indicating the email format is invalid and does not attempt to send a reset email.,Medium,negative
49,TC-REQ10-005,Password reset link cannot be reused after successful reset,REQ-10,User has already successfully reset their password using a valid reset link received via email.,"Complete a successful password reset using the emailed reset link,Re-open or copy and re-navigate to the same password reset link,Attempt to submit a new password using the already-used link",System rejects the previously used reset link and displays an error such as 'This reset link has already been used or is invalid.' User is prompted to request a new reset link.,High,security
50,TC-REQ11-001,Successfully invite a new team member by email,REQ-009,User is logged in as an organization administrator. The organization has an active account. The email address to be invited is not already associated with the organization.,"Log in as an organization administrator.,Navigate to the 'Team Members' or 'Invite Members' section.,Click on the 'Invite Member' button.,Enter a valid email address (e.g., newmember@example.com) in the invitation field.,Click the 'Send Invitation' button.",The system sends an invitation email to the specified address. A success confirmation message is displayed. The invited email appears in the 'Pending Invitations' list.,High,functional
51,TC-REQ11-002,Non-admin user cannot invite team members,REQ-009,User is logged in as a regular (non-admin) team member of the organization.,"Log in as a regular (non-admin) organization member.,Attempt to navigate to the 'Team Members' or 'Invite Members' section.,Attempt to access the 'Invite Member' functionality directly via URL if the UI option is not visible.","The invite member option is not visible or accessible to non-admin users. Any direct URL access returns an authorization error (e.g., 403 Forbidden). No invitation is sent.",High,security
52,TC-REQ11-003,Invite team member with an invalid email format,REQ-009,User is logged in as an organization administrator.,"Log in as an organization administrator.,Navigate to the 'Invite Members' section.,Click on the 'Invite Member' button.,Enter an invalid email address (e.g., 'notanemail', 'user@', '@domain.com').,Click the 'Send Invitation' button.",The system displays a validation error message indicating that the email address format is invalid. No invitation email is sent.,High,negative
53,TC-REQ11-004,Invite a team member who is already part of the organization,REQ-009,User is logged in as an organization administrator. The email address to be invited is already an active member of the organization.,"Log in as an organization administrator.,Navigate to the 'Invite Members' section.,Click on the 'Invite Member' button.,Enter the email address of an existing active member of the organization.,Click the 'Send Invitation' button.",The system displays an error or warning message indicating that the user is already a member of the organization. No duplicate invitation or membership is created.,Medium,negative
54,TC-REQ11-005,Invite team member with an empty email field,REQ-009,User is logged in as an organization administrator.,"Log in as an organization administrator.,Navigate to the 'Invite Members' section.,Click on the 'Invite Member' button.,Leave the email address field completely empty.,Click the 'Send Invitation' button.",The system displays a validation error message indicating that the email field is required and cannot be empty. No invitation is sent.,Medium,boundary
55,TC-REQ010-001,Verify Administrator role has full system permissions,REQ-010,A user account with Administrator role exists and is active in the system.,"Log in with Administrator credentials.,Navigate to user management section.,Attempt to create a new user.,Attempt to delete an existing user.,Attempt to modify system settings.,Attempt to view all projects and contributors.","Administrator can successfully perform all actions: create/delete users, modify system settings, and view all projects and contributors without any permission errors.",High,functional
56,TC-REQ010-002,Verify Project Manager role has project-scoped permissions only,REQ-010,A user account with Project Manager role exists and is active. At least one project is assigned to this Project Manager.,"Log in with Project Manager credentials.,Navigate to the assigned project and attempt to create/edit tasks.,Attempt to add or remove Contributors from the assigned project.,Attempt to access system administration settings.,Attempt to manage another Project Manager's project.",Project Manager can create/edit tasks and manage Contributors within their own project. Accessing system administration settings and managing other Project Managers' projects should be denied with an appropriate 'Access Denied' message.,High,functional
57,TC-REQ010-003,Verify Contributor role is restricted to read and contribution actions only,REQ-010,A user account with Contributor role exists and is assigned to at least one project.,"Log in with Contributor credentials.,Navigate to the assigned project and attempt to view tasks.,Attempt to update the status of an assigned task.,Attempt to delete a task.,Attempt to access user management or system settings.,Attempt to create a new project.","Contributor can view tasks and update status of assigned tasks. Deleting tasks, accessing user management, system settings, and creating new projects should be denied with an appropriate 'Access Denied' message.",High,functional
58,TC-REQ010-004,Verify that a Contributor cannot escalate their own role to Administrator,REQ-010,A user account with Contributor role exists. The system API or UI for role management is accessible.,"Log in with Contributor credentials.,Attempt to access the role management API endpoint directly (e.g., via HTTP request) to change own role to 'Administrator'.,Attempt to navigate to any admin UI page to modify own profile role.,Verify the role remains 'Contributor' after all attempts.",All attempts to escalate the role are rejected with a 403 Forbidden or equivalent error. The user's role remains 'Contributor' in the system.,High,security
59,TC-REQ010-005,Verify system behavior when a user has no assigned role,REQ-010,A user account exists in the system with no role assigned (role field is null or empty).,"Attempt to log in with the role-less user account.,If login is permitted, attempt to access project list.,Attempt to access user management.,Attempt to view system settings.","The system either prevents login for a role-less user with a clear error message, or if login is permitted, all protected resources return 'Access Denied'. The system does not default to any elevated permissions.",Medium,boundary
60,TC-REQ011-001,Administrator successfully deactivates an active user account,REQ-011,Administrator is logged in with valid admin credentials. A target user account exists and is currently active.,"Log in as Administrator.,Navigate to the User Management section.,Search for and select an active user account.,Click the 'Deactivate Account' button.,Confirm the deactivation action in the confirmation dialog.,Verify the user account status is updated to 'Inactive'.",The user account is marked as 'Inactive' and a success confirmation message is displayed to the Administrator.,High,functional
61,TC-REQ011-002,Deactivated user's access is revoked immediately upon deactivation,REQ-011,Administrator is logged in. The target user is currently logged in with an active session. The target user account is active.,"Log in as Administrator in one browser session.,Ensure the target user is logged in and has an active session in a separate browser session.,As Administrator, navigate to User Management and locate the target user.,Deactivate the target user's account and confirm the action.,Immediately switch to the target user's session and attempt to perform any action (e.g., navigate to a protected page or make an API request).,Observe the response received by the target user.",The target user's session is immediately invalidated. The user is either redirected to the login page or receives an 'Access Denied / Account Deactivated' message without any delay.,High,functional
62,TC-REQ011-003,Non-administrator user attempts to deactivate a user account,REQ-011,"A non-administrator user (e.g., regular user or moderator) is logged in. At least one other active user account exists in the system.","Log in as a non-administrator user.,Attempt to navigate directly to the User Management section via URL or menu.,Attempt to call the deactivate user API endpoint directly with a valid user ID.,Observe the system response.",The system denies access and returns a '403 Forbidden' or 'Unauthorized Access' error. The target user account remains active and unaffected.,High,negative
63,TC-REQ011-004,Administrator attempts to deactivate an already deactivated user account,REQ-011,Administrator is logged in. A user account already in 'Inactive' status exists in the system.,"Log in as Administrator.,Navigate to the User Management section.,Search for and select a user account that is already in 'Inactive' status.,Attempt to click the 'Deactivate Account' button or trigger the deactivation action.,Observe the system response.",The system displays an appropriate informational message such as 'Account is already deactivated' and does not perform any duplicate deactivation action. No errors or system crashes occur.,Medium,boundary
64,TC-REQ011-005,Administrator attempts to deactivate a non-existent user account via API,REQ-011,Administrator is authenticated and has a valid session token. A user ID that does not exist in the system is known.,"Log in as Administrator and obtain a valid session token.,Construct a deactivation API request using a non-existent or invalid user ID (e.g., ID: 999999 or a randomly generated UUID).,Send the API request to the deactivate user endpoint.,Observe the HTTP status code and response body.",The system returns a '404 Not Found' error with an appropriate error message such as 'User not found'. No unintended side effects or system errors occur.,Medium,negative
65,TC-REQ12-001,"Successfully update all profile fields (display name, avatar, time zone)",REQ-012,User is logged in with a valid account. Profile page is accessible.,"Navigate to the user profile settings page.,Enter a new valid display name (e.g., 'John Doe').,Upload a valid avatar image (e.g., JPEG, under 2MB).,Select a valid time zone from the dropdown (e.g., 'UTC+05:30 Asia/Kolkata').,Click the 'Save' or 'Update Profile' button.,Verify the profile page reflects the updated information.","All three fields (display name, avatar image, and time zone) are saved successfully. A success confirmation message is displayed and the profile page shows the updated values.",High,functional
66,TC-REQ12-002,Update only the display name leaving other fields unchanged,REQ-012,User is logged in. Profile already has an existing avatar and time zone set.,"Navigate to the user profile settings page.,Clear the current display name field and enter a new display name (e.g., 'Jane Smith').,Leave the avatar image and time zone fields unchanged.,Click the 'Save' or 'Update Profile' button.,Verify the profile page reflects the updated display name.,Verify the avatar and time zone remain unchanged.",Only the display name is updated. Avatar and time zone retain their previous values. A success confirmation message is displayed.,Medium,functional
67,TC-REQ12-003,Attempt to update display name with an empty string,REQ-012,User is logged in. Profile page is accessible with an existing display name.,"Navigate to the user profile settings page.,Clear the display name field completely leaving it blank.,Click the 'Save' or 'Update Profile' button.,Observe the system response.",The system displays a validation error message indicating that the display name cannot be empty. The profile is not updated and the previous display name is preserved.,High,negative
68,TC-REQ12-004,Attempt to upload an invalid avatar image format,REQ-012,User is logged in. Profile page is accessible.,"Navigate to the user profile settings page.,Attempt to upload a file with an unsupported format (e.g., a .exe or .pdf file) as the avatar image.,Click the 'Save' or 'Update Profile' button.,Observe the system response.","The system rejects the file and displays an appropriate error message indicating that only supported image formats (e.g., JPEG, PNG) are allowed. The profile avatar is not updated.",High,negative
69,TC-REQ12-005,Update display name with maximum allowed character length,REQ-012,User is logged in. The system has a defined maximum character limit for display name (assumed 50 characters).,"Navigate to the user profile settings page.,Enter a display name exactly at the maximum allowed character limit (e.g., a 50-character string).,Click the 'Save' or 'Update Profile' button.,Observe the system response.,Then repeat the test entering a display name that exceeds the maximum limit by one character (51 characters).,Click the 'Save' or 'Update Profile' button again.,Observe the system response.",A display name at the exact maximum limit (50 characters) is accepted and saved successfully. A display name exceeding the limit (51 characters) is rejected with a validation error message indicating the character limit has been exceeded.,Medium,boundary
70,TC-001,Administrator successfully creates a new user,REQ-013,Administrator is logged into the system with valid admin credentials. The user management module is accessible.,"Navigate to the User Management section from the admin dashboard.,Click on 'Add New User' button.,Fill in all required fields: First Name, Last Name, Email, Role.,Click 'Save' or 'Create User' button.,Verify the new user appears in the user list.",The new user is successfully created and appears in the user list. A confirmation message is displayed. The process completes within 3 clicks from the dashboard.,High,functional
71,TC-002,Administrator successfully resets a user's password via email,REQ-013,Administrator is logged in. A target user account exists in the system with a valid email address.,"Navigate to the User Management section.,Locate the target user via search or user list.,Click on the user's profile or options menu.,Select 'Reset Password' option.,Confirm the password reset action.,Verify the system sends a reset email to the user's registered email address.",The system triggers a password reset email to the user's registered email. A success confirmation is shown to the administrator. The user receives an email with a valid reset link.,High,functional
72,TC-003,Administrator attempts to create a user with an already registered email,REQ-013,Administrator is logged in. A user with the email 'existing@example.com' already exists in the system.,"Navigate to the User Management section.,Click on 'Add New User'.,Enter 'existing@example.com' in the email field.,Fill in all other required fields.,Click 'Save' or 'Create User'.","The system displays a clear, intuitive error message indicating the email is already in use. No duplicate user is created. The form remains populated so the administrator can correct the entry without re-entering all data.",High,negative
73,TC-004,Administrator attempts to create a user with missing required fields,REQ-013,Administrator is logged in and on the 'Add New User' form.,"Navigate to the User Management section.,Click on 'Add New User'.,Leave one or more required fields (e.g., Email, Role) blank.,Click 'Save' or 'Create User'.",The system prevents user creation and highlights the missing required fields with descriptive inline validation messages. No incomplete user record is saved.,Medium,negative
74,TC-005,Administrator manages maximum number of users in the system,REQ-013,"Administrator is logged in. The system is populated with the maximum allowed number of user accounts (e.g., at the defined system limit).","Navigate to the User Management section.,Observe the user list rendering performance and pagination behavior.,Attempt to search for a specific user by name or email.,Attempt to add one more user beyond the maximum limit.,Verify the system response.","The user list loads within an acceptable time and is navigable via pagination or search. If a hard limit exists, the system displays a clear, informative message when the limit is reached and prevents further user creation. If no hard limit, the new user is created successfully.",Medium,boundary
75,TC-REQ16-001,Create a new project successfully,REQ-16,User is logged in with project management permissions. No project with the same name exists.,"Navigate to the Project Management section.,Click on 'Create New Project' button.,Enter a valid project name, description, start date, and end date.,Assign at least one team member.,Click 'Save' or 'Create Project'.",Project is created successfully and appears in the project list with all provided details correctly saved.,High,functional
76,TC-REQ16-002,Edit an existing project's details,REQ-16,User is logged in with project management permissions. At least one project already exists in the system.,"Navigate to the Project Management section.,Select an existing project from the list.,Click the 'Edit' button.,Modify the project name and description with valid values.,Click 'Save Changes'.","Project details are updated successfully, and the updated information is reflected in the project list and detail view.",High,functional
77,TC-REQ16-003,Attempt to create a project with missing required fields,REQ-16,User is logged in with project management permissions.,"Navigate to the Project Management section.,Click on 'Create New Project' button.,Leave the project name field empty.,Fill in optional fields if any.,Click 'Save' or 'Create Project'.",System displays a validation error indicating that the project name is required. The project is not created.,High,negative
78,TC-REQ16-004,Create a project with project name at maximum character boundary,REQ-16,"User is logged in with project management permissions. The maximum allowed project name length is known (e.g., 255 characters).","Navigate to the Project Management section.,Click on 'Create New Project' button.,Enter a project name exactly at the maximum allowed character limit (e.g., 255 characters).,Fill in all other required fields with valid data.,Click 'Save' or 'Create Project'.",Project is created successfully with the maximum-length project name stored and displayed correctly without truncation or error.,Medium,boundary
79,TC-REQ16-005,Attempt to create a project with a name exceeding maximum character limit,REQ-16,"User is logged in with project management permissions. The maximum allowed project name length is known (e.g., 255 characters).","Navigate to the Project Management section.,Click on 'Create New Project' button.,Enter a project name that exceeds the maximum allowed character limit (e.g., 256 characters).,Fill in all other required fields with valid data.,Click 'Save' or 'Create Project'.",System displays a validation error indicating the project name exceeds the maximum allowed length. The project is not created.,Medium,boundary
80,TC-REQ14-001,Successfully create a new project with all fields including optional end date,REQ-014,User is logged in as a Project Manager. The project creation form is accessible.,"Navigate to the 'Create New Project' page,Enter a valid project name (e.g., 'Alpha Project'),Enter a valid project description (e.g., 'This is a test project'),Enter a valid start date (e.g., '2024-01-15'),Enter a valid end date (e.g., '2024-12-31'),Click the 'Create Project' button","The project is created successfully with all provided fields. A success message is displayed and the new project appears in the project list with the correct name, description, start date, and end date.",High,functional
81,TC-REQ14-002,Successfully create a new project without the optional end date,REQ-014,User is logged in as a Project Manager. The project creation form is accessible.,"Navigate to the 'Create New Project' page,Enter a valid project name (e.g., 'Beta Project'),Enter a valid project description (e.g., 'Project without end date'),Enter a valid start date (e.g., '2024-03-01'),Leave the end date field empty,Click the 'Create Project' button",The project is created successfully without an end date. A success message is displayed and the project appears in the project list with the end date shown as empty or 'N/A'.,High,functional
82,TC-REQ14-003,"Attempt to create a project with missing required fields (name, description, start date)",REQ-014,User is logged in as a Project Manager. The project creation form is accessible.,"Navigate to the 'Create New Project' page,Leave the project name field empty,Leave the description field empty,Leave the start date field empty,Click the 'Create Project' button","The system displays validation error messages indicating that project name, description, and start date are required fields. The project is NOT created.",High,negative
83,TC-REQ14-004,Attempt to create a project where end date is before start date,REQ-014,User is logged in as a Project Manager. The project creation form is accessible.,"Navigate to the 'Create New Project' page,Enter a valid project name (e.g., 'Gamma Project'),Enter a valid project description,Enter a start date of '2024-06-01',Enter an end date of '2024-01-01' (before the start date),Click the 'Create Project' button",The system displays a validation error message indicating that the end date must be on or after the start date. The project is NOT created.,High,negative
84,TC-REQ14-005,Attempt to create a project with start date equal to end date (boundary condition),REQ-014,User is logged in as a Project Manager. The project creation form is accessible.,"Navigate to the 'Create New Project' page,Enter a valid project name (e.g., 'Delta Project'),Enter a valid project description,Enter a start date of '2024-09-15',Enter an end date of '2024-09-15' (same as start date),Click the 'Create Project' button","The system accepts the same date for both start and end date and creates the project successfully, displaying a success message and showing the project in the project list with matching start and end dates.",Medium,boundary
85,TC-REQ15-001,Project Manager successfully adds a team member to a project,REQ-015,A Project Manager is logged in. A valid project exists. A registered user (non-member) is available to be added.,"Log in as a Project Manager.,Navigate to the project management section.,Select an existing project.,Click on 'Add Team Member'.,Search for a registered user by name or email.,Select the user from the search results.,Confirm the addition by clicking 'Add'.",The selected user is successfully added to the project team. The user appears in the project's team member list. A confirmation message is displayed.,High,functional
86,TC-REQ15-002,Project Manager successfully removes a team member from a project,REQ-015,A Project Manager is logged in. A valid project exists with at least two team members.,"Log in as a Project Manager.,Navigate to the project management section.,Select an existing project.,View the current team member list.,Click 'Remove' next to a team member.,Confirm the removal in the confirmation dialog.",The team member is removed from the project. The member no longer appears in the project's team list. A confirmation message is displayed.,High,functional
87,TC-REQ15-003,Non-Project Manager role attempts to add a team member,REQ-015,"A user with a non-Project Manager role (e.g., Developer or Viewer) is logged in. A valid project exists.","Log in as a user with a Developer or Viewer role.,Navigate to the project management section.,Select an existing project.,Attempt to access or click the 'Add Team Member' option.","The 'Add Team Member' option is either hidden or disabled. If accessed directly via URL, the system returns an authorization error (e.g., HTTP 403 Forbidden). No team member is added.",High,negative
88,TC-REQ15-004,Project Manager attempts to add a non-existent or unregistered user,REQ-015,A Project Manager is logged in. A valid project exists.,"Log in as a Project Manager.,Navigate to the project management section.,Select an existing project.,Click on 'Add Team Member'.,Search for a user with an email or name that does not exist in the system.,Attempt to confirm the addition.",The system displays an appropriate error message such as 'User not found'. No unregistered user is added to the project. The team member list remains unchanged.,Medium,negative
89,TC-REQ15-005,Project Manager attempts to remove the last remaining team member from a project,REQ-015,A Project Manager is logged in. A valid project exists with exactly one team member remaining.,"Log in as a Project Manager.,Navigate to the project management section.,Select a project that has only one team member.,Click 'Remove' next to the sole remaining team member.,Confirm the removal in the confirmation dialog.","The system either prevents the removal with a warning message (e.g., 'A project must have at least one team member') or allows it and reflects an empty team list. The behavior aligns with the defined business rules for minimum team size.",Medium,boundary
90,TC-REQ016-001,Successfully archive an active project,REQ-016,User is logged in with sufficient permissions. At least one active project exists in the system.,"Navigate to the project list page.,Select an active project.,Click on the 'Archive' option for the selected project.,Confirm the archive action when prompted.",The project is archived successfully. A success confirmation message is displayed. The project no longer appears in the default project list. All project data remains intact and accessible via archived projects view.,High,functional
91,TC-REQ016-002,Archived project is hidden from default project list but data is preserved,REQ-016,User is logged in. A project has been successfully archived.,"Navigate to the default project list page.,Search or scroll through the default project list for the archived project.,Navigate to the archived projects section or apply the 'Archived' filter.,Select the archived project and verify its data (name, description, tasks, members, etc.).","The archived project does not appear in the default project list. When viewing the archived projects section, the project is listed. All original project data (name, description, tasks, members, history) is fully preserved and accessible.",High,functional
92,TC-REQ016-003,Attempt to archive a project without sufficient permissions,REQ-016,"User is logged in with a role that does not have permission to archive projects (e.g., read-only or basic member). At least one active project exists.","Navigate to the project list page.,Select an active project.,Attempt to find and click the 'Archive' option for the selected project.","The 'Archive' option is either not visible or is disabled for the user. If the action is attempted via direct API call, the system returns a 403 Forbidden error. The project remains active and visible in the default project list.",High,negative
93,TC-REQ016-004,Attempt to archive an already archived project,REQ-016,User is logged in with archive permissions. At least one project is already in the archived state.,"Navigate to the archived projects section.,Select an already archived project.,Attempt to click the 'Archive' option again on the archived project.","The system either does not display an 'Archive' option for an already archived project, or displays an appropriate error/info message such as 'Project is already archived.' No duplicate archiving or data corruption occurs.",Medium,negative
94,TC-REQ016-005,Archive the last remaining active project in the system,REQ-016,User is logged in with archive permissions. Exactly one active project exists in the system and all other projects are already archived.,"Navigate to the default project list page and confirm only one active project is visible.,Select the last active project.,Click the 'Archive' option for the project.,Confirm the archive action when prompted.,Return to the default project list page.",The last active project is archived successfully. The default project list is now empty (or displays a message such as 'No active projects found'). The archived project's data remains fully intact and is accessible through the archived projects view.,Medium,boundary
95,TC-20-001,Valid date range: end date after start date,REQ-017,User is logged in and has access to create or edit a project. A project form is open.,"Navigate to the project creation or edit page.,Enter a start date of '2024-01-01'.,Enter an end date of '2024-12-31'.,Submit or save the project.",The project is saved successfully with the start date '2024-01-01' and end date '2024-12-31'. No error message is displayed.,High,functional
96,TC-20-002,Invalid date range: end date earlier than start date,REQ-017,User is logged in and has access to create or edit a project. A project form is open.,"Navigate to the project creation or edit page.,Enter a start date of '2024-06-15'.,Enter an end date of '2024-03-01' (before the start date).,Attempt to submit or save the project.",The system prevents saving and displays a validation error message such as 'End date cannot be earlier than start date.',High,negative
97,TC-20-003,Boundary: end date equals start date,REQ-017,User is logged in and has access to create or edit a project. A project form is open.,"Navigate to the project creation or edit page.,Enter a start date of '2024-05-10'.,Enter an end date of '2024-05-10' (same as start date).,Submit or save the project.","The project is saved successfully. The system accepts an end date equal to the start date (same-day project), and no error message is displayed.",High,boundary
98,TC-20-004,Boundary: end date one day before start date,REQ-017,User is logged in and has access to create or edit a project. A project form is open.,"Navigate to the project creation or edit page.,Enter a start date of '2024-05-10'.,Enter an end date of '2024-05-09' (one day before start date).,Attempt to submit or save the project.",The system prevents saving and displays a validation error message indicating that the end date must not be earlier than the start date.,High,boundary
99,TC-20-005,Editing existing project: update end date to be earlier than start date,REQ-017,User is logged in. An existing project exists with start date '2024-03-01' and end date '2024-09-30'.,"Navigate to the edit page of the existing project.,Change the end date to '2024-02-01' (before the existing start date).,Attempt to save the changes.",The system rejects the update and displays an error message preventing the end date from being set earlier than the start date. The project retains its original end date.,Medium,negative
100,TC-21-01,Successfully duplicate an existing project with task list,REQ-018,"User is logged in as a Project Manager. At least one existing project exists with tasks, comments, and attachments.","Navigate to the Projects list page.,Select an existing project that has tasks, comments, and attachments.,Click the 'Duplicate Project' button or option.,Confirm the duplication action when prompted.,Verify the duplicated project appears in the Projects list.,Open the duplicated project and inspect its contents.","A new project is created as a copy of the original. The duplicated project contains all tasks from the original project. Comments and attachments are NOT present in the duplicated project. The duplicated project has a distinct name (e.g., 'Copy of [Original Project Name]').",High,functional
101,TC-21-02,Verify non-Project Manager role cannot duplicate a project,REQ-018,"User is logged in with a role other than Project Manager (e.g., Developer or Viewer). At least one existing project is available.","Navigate to the Projects list page.,Select an existing project.,Attempt to find or click the 'Duplicate Project' button or option.,Observe the system response.","The 'Duplicate Project' option is either not visible or is disabled for non-Project Manager roles. If the action is attempted via direct URL or API, the system returns an authorization error (e.g., HTTP 403 Forbidden) and no duplicate project is created.",High,negative
102,TC-21-03,Duplicate a project that has zero tasks,REQ-018,"User is logged in as a Project Manager. An existing project with no tasks, but with comments and attachments, is available.","Navigate to the Projects list page.,Select the existing project that has no tasks.,Click the 'Duplicate Project' button or option.,Confirm the duplication action.,Open the duplicated project and inspect its contents.",A new project is successfully created as a duplicate. The duplicated project has an empty task list (mirroring the original). No comments or attachments are present in the duplicated project.,Medium,boundary
103,TC-21-04,Verify comments and attachments are strictly excluded from duplicated project,REQ-018,"User is logged in as a Project Manager. An existing project has at least 3 tasks, each with multiple comments and file attachments.","Navigate to the Projects list page.,Select the target project with tasks, comments, and attachments.,Click the 'Duplicate Project' button.,Confirm the duplication action.,Open the duplicated project.,Navigate to each duplicated task and check for comments.,Navigate to each duplicated task and check for attachments.,Also check the project-level comments and attachments.",All tasks from the original project are present in the duplicated project. Zero comments exist at both the project level and task level in the duplicated project. Zero attachments exist at both the project level and task level in the duplicated project.,High,functional
104,TC-21-05,Duplicate a project with maximum number of tasks,REQ-018,"User is logged in as a Project Manager. An existing project contains the maximum allowed number of tasks (e.g., system-defined limit such as 1000 tasks), each with comments and attachments.","Navigate to the Projects list page.,Select the project containing the maximum number of tasks.,Click the 'Duplicate Project' button.,Confirm the duplication action.,Wait for the system to complete the duplication process.,Open the duplicated project and verify the task count.,Verify no comments or attachments are present.",The system successfully duplicates the project without errors or timeouts. The duplicated project contains exactly the same number of tasks as the original (up to the maximum limit). No comments or attachments are copied. The system displays a success message upon completion.,Medium,boundary
105,TC-22-001,Create a new task successfully,REQ-22,User is authenticated and has access to the task management module.,"Log in to the application with valid credentials.,Navigate to the Task Management section.,Click on 'Create New Task'.,Fill in all required fields: Title, Description, Due Date, and Priority.,Click 'Save' or 'Submit'.",The new task is created and displayed in the task list with all entered details correctly saved.,High,functional
106,TC-22-002,Edit an existing task successfully,REQ-22,User is authenticated and at least one task exists in the system.,"Log in to the application with valid credentials.,Navigate to the Task Management section.,Select an existing task from the task list.,Click 'Edit'.,Update the task title and due date.,Click 'Save'.",The task is updated with the new values and the changes are reflected immediately in the task list.,High,functional
107,TC-22-003,Create a task with missing required fields,REQ-22,User is authenticated and is on the Create New Task page.,"Log in to the application with valid credentials.,Navigate to the Task Management section.,Click on 'Create New Task'.,Leave the 'Title' field empty.,Fill in the remaining optional fields.,Click 'Save' or 'Submit'.",The system displays a validation error message indicating that the Title field is required and the task is not created.,High,negative
108,TC-22-004,Create a task with maximum allowed character length in Title field,REQ-22,"User is authenticated and is on the Create New Task page. Maximum character limit for Task Title is known (e.g., 255 characters).","Log in to the application with valid credentials.,Navigate to the Task Management section.,Click on 'Create New Task'.,Enter exactly 255 characters in the 'Title' field.,Fill in all other required fields with valid data.,Click 'Save'.",The task is created successfully with the 255-character title stored and displayed correctly without truncation or error.,Medium,boundary
109,TC-22-005,Create a task with Title exceeding maximum character limit,REQ-22,"User is authenticated and is on the Create New Task page. Maximum character limit for Task Title is known (e.g., 255 characters).","Log in to the application with valid credentials.,Navigate to the Task Management section.,Click on 'Create New Task'.,Enter 256 or more characters in the 'Title' field.,Fill in all other required fields with valid data.,Click 'Save'.",The system displays a validation error message indicating the title exceeds the maximum allowed length and the task is not created.,Medium,boundary
110,TC-REQ019-001,Successfully create a task with all required fields,REQ-019,User is logged in as a Contributor and has access to an existing project.,"Navigate to the project dashboard.,Click on 'Create Task' button.,Enter a valid title (e.g., 'Design Homepage').,Enter a valid description (e.g., 'Create wireframes for the homepage layout').,Set a due date to a future date (e.g., 2025-12-31).,Select a valid assignee from the dropdown list.,Click 'Save' or 'Submit'.","The task is created successfully and appears in the project task list with the correct title, description, due date, and assignee displayed.",High,functional
111,TC-REQ019-002,Attempt to create a task with missing required fields,REQ-019,User is logged in as a Contributor and has access to an existing project.,"Navigate to the project dashboard.,Click on 'Create Task' button.,Leave the title field empty.,Leave the description field empty.,Do not set a due date.,Do not select an assignee.,Click 'Save' or 'Submit'.","The system displays validation error messages indicating that all required fields (title, description, due date, assignee) must be filled in. The task is NOT created.",High,negative
112,TC-REQ019-003,Create a task with a due date set to today's date (boundary: current date),REQ-019,User is logged in as a Contributor and has access to an existing project.,"Navigate to the project dashboard.,Click on 'Create Task' button.,Enter a valid title (e.g., 'Urgent Fix').,Enter a valid description.,Set the due date to today's current date.,Select a valid assignee.,Click 'Save' or 'Submit'.",The task is created successfully with today's date as the due date and all fields are saved correctly.,Medium,boundary
113,TC-REQ019-004,Attempt to create a task with a due date in the past,REQ-019,User is logged in as a Contributor and has access to an existing project.,"Navigate to the project dashboard.,Click on 'Create Task' button.,Enter a valid title.,Enter a valid description.,Set the due date to a past date (e.g., 2020-01-01).,Select a valid assignee.,Click 'Save' or 'Submit'.",The system displays a validation error indicating that the due date cannot be in the past. The task is NOT created.,Medium,negative
114,TC-REQ019-005,Verify that a non-Contributor role cannot create a task,REQ-019,"User is logged in with a role that is NOT a Contributor (e.g., Viewer/Guest) and has access to an existing project.","Navigate to the project dashboard.,Attempt to locate or click the 'Create Task' button.,If accessible, fill in all required fields: title, description, due date, and assignee.,Click 'Save' or 'Submit'.","The 'Create Task' option is either not visible or disabled for non-Contributor roles. If the action is attempted, the system returns an authorization error and the task is NOT created.",High,security
115,TC-001,Assign a task to exactly one user successfully,REQ-020,At least one task exists in the system in an unassigned state. At least two registered users (User A and User B) exist.,"Log in as an admin or authorized user.,Navigate to the task management section.,Select an unassigned task.,Assign the task to User A.,Save the assignment.,Verify the task details show User A as the sole assignee.",The task is successfully assigned to User A. Only User A is listed as the assignee. No other users are associated with the task.,High,functional
116,TC-002,Reassign a task from one user to another user,REQ-020,A task exists that is already assigned to User A. User B is a registered user in the system.,"Log in as an admin or authorized user.,Navigate to the task management section.,Select the task currently assigned to User A.,Reassign the task to User B.,Save the updated assignment.,Verify the task details show only User B as the assignee.,Verify User A is no longer listed as an assignee for this task.",The task is reassigned to User B only. User A is removed as assignee. The task has exactly one assignee at all times during and after the reassignment.,High,functional
117,TC-003,Attempt to assign a task to multiple users simultaneously,REQ-020,A task exists in the system. At least two registered users (User A and User B) exist. The UI or API allows selection of multiple users.,"Log in as an admin or authorized user.,Navigate to the task management section.,Select an existing task.,Attempt to assign the task to both User A and User B at the same time (e.g., via multi-select in UI or by sending both user IDs in an API request).,Submit the assignment request.,Observe the system response.","The system rejects the multi-user assignment. An appropriate error message is displayed (e.g., 'A task can only be assigned to one user at a time.'). The task retains its previous assignment state unchanged.",High,negative
118,TC-004,Attempt to assign a task without selecting any user,REQ-020,A task exists in the system in an unassigned or assigned state.,"Log in as an admin or authorized user.,Navigate to the task management section.,Select an existing task.,Open the assignment dialog or form.,Leave the user field blank or deselect any currently selected user.,Attempt to save the assignment with no user selected.,Observe the system response.","The system either prevents saving with a validation error (e.g., 'Please select a user to assign this task.') or successfully unassigns the task, depending on business rules. The task is never assigned to more than one user.",Medium,boundary
119,TC-005,Verify task assignment persists correctly when the assigned user is deleted,REQ-020,A task is currently assigned to User A. An admin account is available.,"Log in as an admin.,Delete or deactivate User A from the system.,Navigate to the task that was assigned to User A.,Check the assignee field of the task.,Attempt to view or edit the task assignment.",The system handles the deletion gracefully. The task either becomes unassigned or displays a placeholder indicating the original assignee no longer exists. The task does not become assigned to multiple users or enter an invalid state.,Medium,negative
120,TC-001,Verify task can be set to 'To Do' status,REQ-021,User is logged in and has permission to create/edit tasks. At least one task exists in the system.,"Navigate to the task management section,Create a new task or open an existing task,Set the task status to 'To Do',Save the changes,Verify the task status is displayed as 'To Do'",The task status is successfully set to 'To Do' and displayed correctly in the UI and any status listings.,High,functional
121,TC-002,Verify task status transitions through all valid statuses: To Do → In Progress → In Review → Done,REQ-021,User is logged in with task edit permissions. A task exists with status 'To Do'.,"Open a task currently in 'To Do' status,Change the task status to 'In Progress' and save,Verify the status displays as 'In Progress',Change the task status to 'In Review' and save,Verify the status displays as 'In Review',Change the task status to 'Done' and save,Verify the status displays as 'Done'","The task successfully transitions through all four statuses (To Do, In Progress, In Review, Done), each being saved and displayed correctly at every step.",High,functional
122,TC-003,Verify that an invalid/unsupported task status cannot be assigned,REQ-021,User is logged in with task edit permissions. A task exists in the system.,"Open an existing task,Attempt to set the task status to an unsupported value (e.g., 'Cancelled', 'Pending', or an empty string) via the UI or API,Attempt to save the change","The system rejects the invalid status value and displays an appropriate error message. The task retains its previous valid status. Only 'To Do', 'In Progress', 'In Review', and 'Done' are available options.",High,negative
123,TC-004,Verify all four task statuses appear as selectable options in the status dropdown,REQ-021,User is logged in with task edit permissions. A task is open for editing.,"Open a task for editing,Click or interact with the status selection field/dropdown,Observe all available status options listed","Exactly four status options are available: 'To Do', 'In Progress', 'In Review', and 'Done'. No additional or missing statuses are present.",Medium,boundary
124,TC-005,Verify task status is persisted correctly after page refresh or re-login,REQ-021,"User is logged in. A task exists and its status has been recently updated (e.g., set to 'In Review').","Open a task and change its status to 'In Review',Save the task,Refresh the browser page,Re-open the task and verify the status,Log out and log back in,Re-open the same task and verify the status again","The task status 'In Review' is correctly persisted and displayed after both page refresh and re-login, confirming data is saved to the backend.",High,functional
125,TC-26-001,Create a subtask under a parent task (Level 1 nesting),REQ-022,User is logged in. A parent task exists in the system.,"Navigate to the parent task.,Select the option to add a subtask.,Enter valid details for the subtask.,Save the subtask.",The subtask is successfully created under the parent task at nesting level 1 and is visible in the task hierarchy.,High,functional
126,TC-26-002,Create a subtask under a Level 1 subtask (Level 2 nesting),REQ-022,User is logged in. A parent task with a Level 1 subtask already exists in the system.,"Navigate to the Level 1 subtask.,Select the option to add a subtask.,Enter valid details for the new subtask.,Save the subtask.",The subtask is successfully created at nesting level 2 under the Level 1 subtask and is visible in the task hierarchy.,High,functional
127,TC-26-003,Attempt to create a subtask beyond maximum nesting depth (Level 3),REQ-022,"User is logged in. A task hierarchy exists with a parent task, a Level 1 subtask, and a Level 2 subtask.","Navigate to the Level 2 subtask.,Attempt to select the option to add a subtask.,If the option is available, enter valid details and attempt to save.","The system prevents creation of a subtask at Level 3. Either the 'Add Subtask' option is disabled/hidden, or an error message is displayed stating the maximum nesting depth of two levels has been reached.",High,negative
128,TC-26-004,Verify maximum nesting depth boundary at exactly Level 2,REQ-022,User is logged in. A parent task and a Level 1 subtask exist in the system.,"Navigate to the Level 1 subtask.,Add a subtask to it to reach Level 2.,Save the Level 2 subtask.,Verify the Level 2 subtask is saved successfully.,Attempt to add a further subtask to the Level 2 subtask.","The Level 2 subtask is saved successfully (boundary accepted). Attempting to add a Level 3 subtask is rejected by the system, confirming Level 2 is the maximum allowed depth.",High,boundary
129,TC-26-005,Verify task hierarchy display reflects correct nesting levels,REQ-022,User is logged in. A parent task with a Level 1 subtask and a Level 2 subtask has been created.,"Navigate to the task list or project board.,Locate the parent task.,Expand the parent task to view its subtasks.,Expand the Level 1 subtask to view its subtasks.","The system correctly displays the full hierarchy: Parent Task → Level 1 Subtask → Level 2 Subtask, with appropriate visual indentation or hierarchy indicators for each level.",Medium,functional
130,TC-001,Notification sent to assignee when a new task is assigned,REQ-023,"User account exists, email notifications are enabled, and the task management system is operational.","Log in as a manager or admin user.,Create a new task.,Assign the task to an existing user (assignee).,Save/submit the task assignment.,Check the assignee's notification inbox (email or in-app notification).","The assignee receives a notification informing them that a new task has been assigned to them, including relevant task details such as task name and due date.",High,functional
131,TC-002,Notification sent to new assignee when a task is reassigned,REQ-023,"User accounts exist for both original and new assignees, a task is already assigned to the original assignee, and email notifications are enabled.","Log in as a manager or admin user.,Navigate to an existing task that is assigned to User A.,Reassign the task from User A to User B.,Save/submit the reassignment.,Check User B's notification inbox (email or in-app notification).,Check User A's notification inbox to confirm no unexpected notifications.",User B (new assignee) receives a notification that the task has been assigned to them. The notification contains relevant task details. User A does not receive a new assignment notification.,High,functional
132,TC-003,No notification sent when task assignment remains unchanged,REQ-023,"A task is already assigned to a user, and email notifications are enabled.","Log in as a manager or admin user.,Navigate to an existing task assigned to User A.,Edit the task details (e.g., description or due date) without changing the assignee.,Save the changes.,Check User A's notification inbox.",User A does not receive a task assignment notification since the assignee was not changed.,Medium,negative
133,TC-004,Notification behavior when assignee has no valid email address,REQ-023,"A user account exists with no valid email address configured, and email is the only notification channel.","Log in as a manager or admin user.,Create or locate a task.,Assign the task to a user whose email address is missing or invalid.,Save/submit the task assignment.,Check system logs or error/notification queue for failures.","The system handles the invalid/missing email gracefully (e.g., logs an error or shows an alert), does not crash, and ideally notifies an administrator of the delivery failure.",High,negative
134,TC-005,Notification sent when a task is simultaneously reassigned to multiple users (boundary: bulk reassignment),REQ-023,"Multiple user accounts exist, notifications are enabled, and the system supports bulk task reassignment.","Log in as a manager or admin user.,Select the maximum number of tasks supported by the system for bulk reassignment.,Reassign all selected tasks to a new assignee.,Submit the bulk reassignment.,Check the new assignee's notification inbox.","The new assignee receives a notification for each reassigned task (or a consolidated notification for bulk reassignment), and no notifications are dropped or duplicated beyond the expected count.",Medium,boundary
135,TC-REQ28-001,Successfully attach a file to a collaboration item,REQ-28,"User is logged in. A collaboration item (e.g., task or project) exists. User has permission to add attachments.","Navigate to the collaboration item detail page.,Click the 'Attach File' button.,Select a valid file (e.g., PDF, 2 MB) from the local file system.,Click 'Upload' or 'Confirm'.,Observe the attachment list on the collaboration item.","The file is successfully uploaded and appears in the attachment list with the correct file name, size, and upload timestamp.",High,functional
136,TC-REQ28-002,Invite a collaborator and verify they receive access,REQ-28,User is logged in as an owner or admin of a project. The invitee has a registered account in the system.,"Navigate to the collaboration item or project settings.,Click 'Invite Collaborator'.,Enter the valid email address of the invitee.,Select an appropriate role (e.g., Editor).,Click 'Send Invitation'.,Log in as the invitee and accept the invitation.,Verify the invitee can view and interact with the collaboration item.",The invitee successfully gains access to the collaboration item with the assigned role and can perform actions permitted by that role.,High,functional
137,TC-REQ28-003,Attempt to upload a file exceeding the maximum allowed size,REQ-28,"User is logged in. A collaboration item exists. The system enforces a maximum attachment size (e.g., 25 MB).","Navigate to the collaboration item detail page.,Click the 'Attach File' button.,Select a file that exceeds the maximum allowed size (e.g., 26 MB).,Click 'Upload' or 'Confirm'.,Observe the system response.",The system rejects the upload and displays a clear error message indicating the file exceeds the maximum allowed size. No file is added to the attachment list.,High,negative
138,TC-REQ28-004,Upload a file exactly at the maximum allowed size boundary,REQ-28,"User is logged in. A collaboration item exists. The system enforces a maximum attachment size (e.g., 25 MB). A test file of exactly 25 MB is available.","Navigate to the collaboration item detail page.,Click the 'Attach File' button.,Select a file that is exactly 25 MB.,Click 'Upload' or 'Confirm'.,Observe the system response.",The file at the exact boundary size is accepted and successfully uploaded. It appears in the attachment list with the correct metadata.,Medium,boundary
139,TC-REQ28-005,Unauthorized user attempts to access or download an attachment,REQ-28,A collaboration item exists with at least one attachment. A second user exists who has NOT been granted access to this collaboration item.,"Log in as the unauthorized user.,Attempt to directly access the attachment URL (e.g., via a direct link or API call).,Observe the system response.","The system denies access and returns an appropriate authorization error (e.g., HTTP 403 Forbidden). The unauthorized user cannot view or download the attachment.",High,security
140,TC-029-001,Add a plain text comment to a task,REQ-027,"User is logged in, has access to a project, and a task exists within the project.","Navigate to the project and open an existing task.,Locate the comments section on the task detail page.,Type a plain text comment (e.g., 'This task is in progress.') in the comment input field.,Click the 'Submit' or 'Add Comment' button.",The plain text comment is saved and displayed in the comments section of the task with the correct author name and timestamp.,High,functional
141,TC-029-002,Add a comment with a valid @mention of a project member,REQ-027,"User is logged in, has access to a project with at least two members, and a task exists within the project.","Navigate to the project and open an existing task.,Locate the comments section on the task detail page.,Type '@' followed by the username of another project member (e.g., '@john_doe This needs your review.').,Verify that an autocomplete suggestion appears for the mentioned member.,Select the suggested member from the autocomplete list.,Click the 'Submit' or 'Add Comment' button.",The comment is saved and displayed with the @mention highlighted or formatted. The mentioned user receives a notification.,High,functional
142,TC-029-003,Add a comment with @mention of a user not in the project,REQ-027,"User is logged in, has access to a project, a task exists, and a second user exists in the system but is NOT a member of the current project.","Navigate to the project and open an existing task.,Locate the comments section on the task detail page.,Type '@' followed by the username of a user who is not a project member (e.g., '@external_user').,Observe the autocomplete suggestions.,Attempt to submit the comment with the non-member @mention.","The non-member username does not appear in the autocomplete suggestions. If submitted manually, the @mention is not resolved/highlighted and no notification is sent to the non-member user.",Medium,negative
143,TC-029-004,Attempt to submit an empty comment,REQ-027,User is logged in and has a task open with the comments section visible.,"Navigate to the project and open an existing task.,Locate the comments section on the task detail page.,Leave the comment input field empty.,Click the 'Submit' or 'Add Comment' button.","The system prevents submission and displays an appropriate validation error message (e.g., 'Comment cannot be empty.'). No empty comment is saved.",High,negative
144,TC-029-005,Add a comment at the maximum allowed character boundary,REQ-027,"User is logged in, has access to a project, a task exists, and the maximum character limit for comments is known (e.g., 5000 characters).","Navigate to the project and open an existing task.,Locate the comments section on the task detail page.,Enter a plain text comment that is exactly at the maximum allowed character limit (e.g., 5000 characters).,Click the 'Submit' or 'Add Comment' button.,Then attempt to enter a comment that exceeds the maximum character limit by one character (e.g., 5001 characters) and click 'Submit'.","The comment at exactly the maximum character limit is saved and displayed successfully. The comment exceeding the limit is rejected with an appropriate error message (e.g., 'Comment exceeds maximum allowed length.').",Medium,boundary
145,TC-030-001,Valid @mention triggers notification to mentioned user,REQ-028,Two registered users exist: User A (commenter) and User B (mentioned). User B has a valid email/notification preference enabled. User A is logged in and viewing a post/item with a comment section.,"Log in as User A,Navigate to a post or item that has a comment section,Create a new comment containing '@UserB followed by some text',Submit the comment,Log in as User B or check User B's notification inbox",User B receives a notification (in-app and/or email) indicating they were @mentioned by User A in the comment. The notification includes relevant context such as a link to the comment.,High,functional
146,TC-030-002,Multiple @mentions in a single comment notify all mentioned users,REQ-028,"Three registered users exist: User A (commenter), User B, and User C. All users have notifications enabled. User A is logged in.","Log in as User A,Navigate to a post or item with a comment section,Create a new comment containing '@UserB and @UserC please review this',Submit the comment,Check notification inboxes for both User B and User C",Both User B and User C each receive a separate notification informing them they were @mentioned in the comment by User A.,High,functional
147,TC-030-003,Non-existent username @mention does not trigger notification,REQ-028,User A is logged in. The username '@NonExistentUser999' does not exist in the system.,"Log in as User A,Navigate to a post or item with a comment section,Create a new comment containing '@NonExistentUser999 check this out',Submit the comment,Verify no notification is sent to any user for this mention","The comment is submitted successfully, but no notification is generated for the non-existent username. The system may optionally display a warning that the mentioned user was not found.",Medium,negative
148,TC-030-004,User @mentioning themselves does not trigger a self-notification,REQ-028,User A is logged in with notifications enabled.,"Log in as User A,Navigate to a post or item with a comment section,Create a new comment containing '@UserA this is a self-mention',Submit the comment,Check User A's notification inbox","The comment is submitted successfully. User A does not receive a notification for mentioning themselves, preventing unnecessary self-notification noise.",Medium,negative
149,TC-030-005,Boundary: @mention at the very beginning and very end of a comment,REQ-028,User A (commenter) and User B are registered and have notifications enabled. User A is logged in.,"Log in as User A,Navigate to a post or item with a comment section,Create a comment where '@UserB' appears at the very first character of the comment (e.g., '@UserB please see this'),Submit the comment and verify User B receives a notification,Create another comment where '@UserB' appears at the very last position (e.g., 'Please review this @UserB'),Submit the comment and verify User B receives a notification","In both boundary cases, User B receives a notification for being @mentioned, confirming the mention detection works regardless of the position of the @mention within the comment text.",Medium,boundary
150,TC-REQ29-001,Successfully attach a valid file under 25 MB to a task,REQ-029,"User is logged in, a task exists, and a valid file (e.g., PDF, 10 MB) is available on the local machine.","Navigate to the task detail page.,Click the 'Attach File' button.,Select a file that is 10 MB in size.,Click 'Upload' or 'Attach'.,Verify the attachment appears in the task's attachment list.",The file is successfully attached to the task and is visible in the attachment list with correct file name and size displayed.,High,functional
151,TC-REQ29-002,Reject file attachment exceeding 25 MB limit,REQ-029,"User is logged in, a task exists, and a file larger than 25 MB (e.g., 30 MB) is available on the local machine.","Navigate to the task detail page.,Click the 'Attach File' button.,Select a file that is 30 MB in size.,Attempt to upload/attach the file.,Observe the system response.",The system rejects the file upload and displays an appropriate error message such as 'File size exceeds the maximum limit of 25 MB.' The task remains unchanged with no file attached.,High,negative
152,TC-REQ29-003,Attach a file exactly at the 25 MB boundary,REQ-029,"User is logged in, a task exists, and a file of exactly 25 MB is available on the local machine.","Navigate to the task detail page.,Click the 'Attach File' button.,Select a file that is exactly 25 MB in size.,Click 'Upload' or 'Attach'.,Verify the system response.","The file of exactly 25 MB is successfully attached to the task and is visible in the attachment list, confirming the boundary value is accepted.",High,boundary
153,TC-REQ29-004,Attempt to attach a file just above the 25 MB boundary (25 MB + 1 byte),REQ-029,"User is logged in, a task exists, and a file of size 25 MB + 1 byte (26,214,401 bytes) is available on the local machine.","Navigate to the task detail page.,Click the 'Attach File' button.,Select a file that is 25 MB + 1 byte in size.,Attempt to upload/attach the file.,Observe the system response.",The system rejects the file and displays an error message indicating the file exceeds the 25 MB maximum size. No file is attached to the task.,High,boundary
154,TC-REQ29-005,Attempt to attach a file with no content (0 bytes / empty file),REQ-029,"User is logged in, a task exists, and an empty file (0 bytes) is available on the local machine.","Navigate to the task detail page.,Click the 'Attach File' button.,Select an empty file (0 bytes) from the local machine.,Attempt to upload/attach the file.,Observe the system response.","The system either rejects the empty file with an appropriate error message (e.g., 'Cannot attach an empty file.') or handles it gracefully, ensuring no corrupted or zero-byte attachment is stored on the task.",Medium,negative
155,TC-32-001,Upload valid PDF attachment,REQ-030,User is logged into the system and is on a page that supports file attachments.,"Navigate to the attachment upload section.,Click the 'Attach File' button.,Select a valid PDF file (e.g., document.pdf) from the local file system.,Click 'Upload' or 'Submit'.",The PDF file is successfully uploaded and appears in the attachments list without any error messages.,High,functional
156,TC-32-002,"Upload all supported file types (DOCX, XLSX, PNG, JPG, CSV)",REQ-030,User is logged into the system and is on a page that supports file attachments. Sample files of each type are available locally.,"Navigate to the attachment upload section.,Click the 'Attach File' button and select a valid DOCX file; verify upload success.,Click the 'Attach File' button and select a valid XLSX file; verify upload success.,Click the 'Attach File' button and select a valid PNG file; verify upload success.,Click the 'Attach File' button and select a valid JPG file; verify upload success.,Click the 'Attach File' button and select a valid CSV file; verify upload success.","Each of the supported file types (DOCX, XLSX, PNG, JPG, CSV) is successfully uploaded and listed in the attachments section without errors.",High,functional
157,TC-32-003,Upload unsupported file type is rejected,REQ-030,"User is logged into the system and is on a page that supports file attachments. An unsupported file (e.g., file.exe, file.txt, file.mp4) is available locally.","Navigate to the attachment upload section.,Click the 'Attach File' button.,Select a file with an unsupported extension (e.g., malware.exe or document.txt).,Attempt to upload the file by clicking 'Upload' or 'Submit'.",The system rejects the file and displays a clear error message indicating that the file type is not supported. The file does not appear in the attachments list.,High,negative
158,TC-32-004,Upload a file with a valid extension but mismatched MIME type (boundary/security),REQ-030,"User is logged into the system. A file is prepared that has a supported extension (e.g., .pdf) but contains content of a different type (e.g., an executable renamed to document.pdf).","Navigate to the attachment upload section.,Click the 'Attach File' button.,Select the disguised file (e.g., an executable renamed as document.pdf).,Attempt to upload the file.","The system detects the MIME type mismatch and rejects the file, displaying an appropriate error message. The malicious file is not stored on the server.",High,security
159,TC-32-005,Upload a file with zero bytes (empty file boundary case),REQ-030,"User is logged into the system and is on a page that supports file attachments. A zero-byte file with a supported extension (e.g., empty.csv) is available locally.","Navigate to the attachment upload section.,Click the 'Attach File' button.,Select the zero-byte file (e.g., empty.csv) from the local file system.,Attempt to upload the file by clicking 'Upload' or 'Submit'.","The system either rejects the empty file with a meaningful validation message (e.g., 'File cannot be empty') or handles it gracefully without crashing or corrupting the system state.",Medium,boundary
